STATE,LGA,WARD,POLLING UNIT,,APC,PDP,LP,NNPP,,,,,,,,,
DELTA,WARRI SOUTH WEST,OGE-IJOH,TAMBIRI,,3,5,76,0,,,,,,,,,
DELTA,WARRI SOUTH WEST,OGE-IJOH,SALVATION CITY,,5,2,11,0,,,,,,,,,
DELTA,WARRI SOUTH WEST,OGE-IJOH,NIFOR II,,3,8,22,0,,,,,,,,,
DELTA,WARRI SOUTH WEST,OGE-IJOH,SOURAGENE,,11,9,17,0,,,,,,,,,
DELTA,WARRI SOUTH WEST,OGE-IJOH,AJUJU,,2,15,76,0,,,,,,,,,
DELTA,WARRI SOUTH WEST,OGE-IJOH,OTURUBIRI,,9,13,42,2,,,,,,,,,
DELTA,WARRI SOUTH WEST,OGE-IJOH,PEREBIRI,,4,11,31,1,,,,,,,,,
DELTA,WARRI SOUTH WEST,OGE-IJOH,TEDOR/KUSIMI,,6,4,28,0,,,,,,,,,
DELTA,WARRI SOUTH WEST,OGE-IJOH,IGABE PRIMARY,,4,9,22,3,,,,,,,,,
DELTA,OKPE,OREROKPE,OPEN SPACE BY BEDC,,0,5,1,0,,,,,,,,,
DELTA,OKPE,OREROKPE,ADANE,,20,10,70,0,,,,,,,,,
DELTA,OKPE,OREROKPE,OPEN SPACE BY HOSPITAL ROAD,,1,3,18,0,,,,,,,,,
DELTA,OKPE,OREROKPE,CUSTOMARY COURT,,65,48,186,0,,,,,,,,,
DELTA,OKPE,OREROKPE,PAVILION POLICE STATION,,34,30,91,0,,,,,,,,,
DELTA,OKPE,OREROKPE,OPEN SPACE BY OLD MARKET,,3,9,13,0,,,,,,,,,
DELTA,OKPE,OREROKPE,COUNCIL MUTI PURPOSE HALL,,24,16,92,2,,,,,,,,,
DELTA,OKPE,OREROKPE,HEALTH CARE CENTER,,4,1,8,0,,,,,,,,,
DELTA,OKPE,OREROKPE,BAPTIST HIGH  SCHOOL 1,,18,23,111,0,,,,,,,,,
DELTA,OKPE,OREROKPE,OPEN  SPACE RURAL ELECTRICITY,,17,54,86,1,,,,,,,,,
DELTA,OKPE,OREROKPE,OPEN SPACE DELTA HOTEL JUNCTION,,2,6,6,0,,,,,,,,,
DELTA,OKPE,OREROKPE,OPEN SPACE BY BANK STREET JUNCTION,,1,6,14,0,,,,,,,,,
DELTA,OKPE,OREROKPE,ADANE OKPE, PRIMARY SCHOOL 2,1,5,77,0,,,,,,,,,
DELTA,OKPE,OREROKPE,ADANE OKPE PRIMARY SCHOOL 3,,31,37,87,0,,,,,,,,,
DELTA,OKPE,OREROKPE,ORHUE PRIMARY SCHOOL 2,,31,37,87,0,,,,,,,,,
DELTA,OKPE,OREROKPE,OPEN SPACE BY LIBRARY ,,10,10,100,0,,,,,,,,,
DELTA,OKPE,OREROKPE,PAVILION POLICE STATION 2,,39,26,116,2,,,,,,,,,
DELTA,OKPE,OREROKPE,ADANE OKPE PRIMARY SCHOOL 1,,31,16,82,0,,,,,,,,,
DELTA,OKPE,OREROKPE,OPEN SPACE BY POLICE STATION,,22,23,74,0,,,,,,,,,
DELTA,OKPE,OREROKPE,OPEN SPACE BY HOSPITAL ROAD 2,,0,3,15,0,,,,,,,,,
DELTA,OKPE,OREROKPE,PALACE GATE 1,,30,75,89,1,,,,,,,,,
DELTA,OKPE,OREROKPE,PALACE GATE  2,,31,45,83,0,,,,,,,,,
DELTA,OKPE,OREROKPE,BUS STOP BY CATHOLIC CHURCH,,3,7,26,0,,,,,,,,,
DELTA,OKPE,OREROKPE,OKULOHO PRIMARY SCHOOL OKULOHO 2,,52,38,22,0,,,,,,,,,
DELTA,OKPE,OREROKPE,ORHUE PRIMARY SCHOOL  1,,22,16,76,0,,,,,,,,,
DELTA,OKPE,OREROKPE,OPEN SPACE BY FACTORY JUNCTION,,30,10,8,0,,,,,,,,,
DELTA,OKPE,OVIRI OKPE,OKORODUDUN PRIMARY SCHOOL,,41,10,45,0,,,,,,,,,
DELTA,OKPE,OVIRI OKPE,UMIAGHWA PRIMARY SCHOOL,,29,20,31,0,,,,,,,,,
DELTA,OKPE,OVIRI OKPE,"OKORODUDU PRIMARY SCHOOL, OVIRI OKPE 2",,47,74,16,0,,,,,,,,,
DELTA,OKPE,OVIRI OKPE,UMIAGHWA PRIMARY SCHOOL 5,,39,55,14,0,,,,,,,,,
DELTA,OKPE,OVIRI OKPE,UMIAGHWA PRIMARY SCHOOL 2,,28,50,6,0,,,,,,,,,
DELTA,OKPE,OVIRI OKPE,"IRIBAGUN STREET,OVIRI OKPE",,29,49,13,0,,,,,,,,,
DELTA,OKPE,OVIRI OKPE,UMIAGHWA PRIMARY SCHOOL 6,,43,58,17,0,,,,,,,,,
DELTA,OKPE,OVIRI OKPE,"OKORODUDU PRIMARY SCHOOL, OVIRI OKPE 3",,39,79,8,0,,,,,,,,,
DELTA,OKPE,OVIRI OKPE,OKORODUDU PRIMARY SCHOOL  OVIRI OKPE,,25,57,21,0,,,,,,,,,
DELTA,OKPE,OVIRI OKPE,OKORODUDU PRIMARY SCHOOL OVIRI OKPE 1,,33,41,15,0,,,,,,,,,
DELTA,OKPE,OVIRI OKPE,OKORODUDU PRIMARY SCHOOL  OVIRI OKPE 5,,32,59,12,0,,,,,,,,,
DELTA,OKPE,OVIRI OKPE,OKORODUDU PRIMARY SCHOOL OVIRI OKPE 6,,39,37,6,0,,,,,,,,,
DELTA,OKPE,OVIRI OKPE,UMIAGHWA PRIMARY SCHOOL UMIAGHWA 3,,30,64,14,0,,,,,,,,,
DELTA,OKPE,OHA,OKENE SECONDARY SCHOOL 1 OKUOKOKO,,23,32,67,0,,,,,,,,,
DELTA,OKPE,OHA,OSUBI SECONDARY SCHOOLB 2,,4,110,34,0,,,,,,,,,
DELTA,OKPE,OHA,OPEN  SPACE MADAMEDOR STREET JUMCTION OSUBI,,0,1,5,0,,,,,,,,,
DELTA,OKPE,OHA,OPEN SPACE BY MERCY CLOSE OSUBI,,0,0,7,0,,,,,,,,,
DELTA,OKPE,OHA,OPEN SPACE BY OKUOKOKO MARKET OKUOKOKO,,3,7,92,0,,,,,,,,,
DELTA,OKPE,OHA,OKUOKOKO PRIMARY  SCHOOL 2,,1,7,134,2,,,,,,,,,
DELTA,OKPE,OHA,OPEN SPACE BY OL MARKET OHA,,6,23,83,0,,,,,,,,,
DELTA,OKPE,OHA,OPEN SPACE BY BEND CORNER OHA,,8,20,30,0,,,,,,,,,
DELTA,OKPE,OHA,"OPEN SPACE BY JAMACO STREET JUNCTION,OSUBI",,2,1,20,0,,,,,,,,,
DELTA,OKPE,OHA,UGOLO TOWN HALL UGULO 2,,26,22,57,0,,,,,,,,,
DELTA,OKPE,OHA,"OPEN SPACEM BY LA IRO STREET JUNCTION, OKUOKOKO",,7,15,134,1,,,,,,,,,
DELTA,OKPE,OHA,"OKURIKPERHE TOWN HALL,OKURIKPERHE ",,19,31,92,1,,,,,,,,,
DELTA,OKPE,OHA,OSUBI SECONDARY SCHOOL 2,,2,14,108,0,,,,,,,,,
DELTA,OKPE,OHA,OPEN SPACE BY IKAKA STREET JUNCTION OSUBI,,0,0,10,0,,,,,,,,,
DELTA,OKPE,OHA,OPEN SPACE BY LUCKY STREET JUNCTION OSUBI,,2,2,78,0,,,,,,,,,
DELTA,OKPE,OHA,"OKOZI TOWN HALL,OKOZI I",,7,55,9,0,,,,,,,,,
DELTA,OKPE,OHA,"OKUOKOKO PRIMARY SCHOOL I,OKUOKOKO",,12,8,159,1,,,,,,,,,
DELTA,OKPE,OHA,OKUOKOKO TOWNHALL OKUOKOKO I,,11,12,148,0,,,,,,,,,
DELTA,OKPE,OHA,"OSUBI TOWNHALL, OSUBI II",,14,46,166,3,,,,,,,,,
DELTA,OKPE,OHA,"OKOROWHE PRIMARY SCHOOL,OKOROWHE",,0,0,1,0,,,,,,,,,
DELTA,OKPE,OHA,OHA TOWNHALL,,9,11,164,0,,,,,,,,,
DELTA,OKPE,OHA,"OSUBI TOWNHALL, OSUBI I",,8,58,433,2,,,,,,,,,
DELTA,OKPE,OHA,"OKUODIETE TOWN HALL,OKUODITE",,31,64,66,0,,,,,,,,,
DELTA,OKPE,OHA,"OHA TOWNHALL,OHA TOWN I",,21,40,65,0,,,,,,,,,
DELTA,OKPE,OHA,"OKURIKPERHE TOWN HALL,OKURIKPERHE II",,9,24,174,1,,,,,,,,,
DELTA,OKPE,OHA,"OSUBI CIVIC CENTER,OSUBI",,5,15,127,0,,,,,,,,,
DELTA,OKPE,OHA,"OKUOKOKO PRIMARY SCHOOL I,OKUOKOKO",,12,8,159,1,,,,,,,,,
DELTA,OKPE,OHA II," ODJEDI TOWN HALL II, ODEJI",,7,6,8,0,,,,,,,,,
DELTA,OKPE,OHA II,"OKWIDIEMO PRIMARY SCHOOL,OKWIDIEMO",,76,75,34,0,,,,,,,,,
DELTA,OKPE,OHA II,"EVWRIYEN PRIMARY SCHOOL,EVWRIYEN II",,43,33,26,0,,,,,,,,,
DELTA,OKPE,OHA II,"EVWRIYEN PRIMARY SCHOOL,EVWRIYEN I",,51,83,22,0,,,,,,,,,
DELTA,OKPE,OHA II,"OKUIGHELE TOWN HALL, OKUIGHELE",,62,81,27,0,,,,,,,,,
DELTA,OKPE,OHA II,"UGHWAGBA TOWN HALL,UGHWAGBA II",,17,54,22,1,,,,,,,,,
DELTA,OKPE,OHA II,"UGHWAGBA TOWN HALL,UGHWAGBA I",,6,20,96,0,,,,,,,,,
DELTA,OKPE,OHA II,"OKWITAIRE TOWN HALL,OKWITAIRE",,38,68,22,0,,,,,,,,,
DELTA,OKPE,OHA II,"AMUOKPOKPO TOWN HALL,AMUOKPOKPO II41","TOWN HALL,AMUOKPOKPO II",41,51,16,0,,,,,,,,,
DELTA,OKPE,OHA II,"AMUOKPOKPO TOWN HALL,AMUOKPOKPO I",,32,32,17,0,,,,,,,,,
DELTA,OKPE,OHA II,"ODJEDI TOWN HALL,ODJEDI",,43,38,34,0,,,,,,,,,
DELTA,OKPE,OHA II,"ADAGBRASSA TOWN HALL, ADAGBRASSA IV",,16,40,21,0,,,,,,,,,
DELTA,OKPE,OHA II,"ADAGBRASSA TOWN HALL, ADAGBRASSA III",,23,43,16,0,,,,,,,,,
DELTA,OKPE,OHA II,"ADAGBRASSA TOWN HALL, ADAGBRASSA II",,22,40,15,0,,,,,,,,,
DELTA,OKPE,OHA II,"ADAGBRASSA TOWN HALL, ADAGBRASSA I",,23,45,22,0,,,,,,,,,
DELTA,OKPE,AGHALOKPE,"PRIMARY HEALTH CARE CENTER,ADARHO",,3,5,1,0,,,,,,,,,
DELTA,OKPE,AGHALOKPE,"IGUGUDU HOWN HALL,IGUGUDU AGHALOKPE",,33,58,6,0,,,,,,,,,
DELTA,OKPE,AGHALOKPE,"OHWAROHWA TOWN HALL,OHWAROHWA ",,37,21,22,0,,,,,,,,,
DELTA,OKPE,AGHALOKPE,"AJAGUOYIBO TOWN HALL,AJAGUOYIBO II",,11,46,3,0,,,,,,,,,
DELTA,OKPE,AGHALOKPE,"AJAGUOYIBO TOWN HALL,AJAGUOYIBO I",,21,75,8,0,,,,,,,,,
DELTA,OKPE,AGHALOKPE,"UNURHIE TOWN,AGHALOKPE",,43,110,25,0,,,,,,,,,
DELTA,OKPE,AGHALOKPE,"OGONI PRIMARY SCHOOL, AGHALOKPE IV",,14,22,14,0,,,,,,,,,
DELTA,OKPE,AGHALOKPE,"OGONI PRIMARY SCHOOL, AGHALOKPE I",,17,55,7,0,,,,,,,,,
DELTA,OKPE,AGHALOKPE,"AJAGOLO PRIMARY SCHOOL,AGHALOKPE",,10,17,5,0,,,,,,,,,
DELTA,OKPE,AGHALOKPE,"AJAGOLO PRIMARY SCHOOL,AGHALOKPE I",,5,36,12,0,,,,,,,,,
DELTA,OKPE,AGHALOKPE,S.P.C.C AGHALOKPE II,,42,47,28,0,,,,,,,,,
DELTA,OKPE,AGHALOKPE,S.P.C.C AGHALOKPE I,,20,40,32,0,,,,,,,,,
DELTA,OKPE,ARAGBA TOWN,"ADAGRASSA PRIMARY SCHOOL II, ADAGBRASSA",,9,12,8,0,,,,,,,,,
DELTA,OKPE,ARAGBA TOWN,"ADAGRASSA PRIMARY SCHOOL II, ADAGBRASSA","PRIMARY SCHOOL I, ADAGBRASSA",6,21,8,0,,,,,,,,,
DELTA,OKPE,ARAGBA TOWN,"OGIRIBO TOWN HALL,OGIRIBO",,36,8,3,0,,,,,,,,,
DELTA,OKPE,ARAGBA TOWN,"ADAVWARE TOWN HALL, ADAVWARE",,42,47,8,0,,,,,,,,,
DELTA,OKPE,ARAGBA TOWN,"ADAGRASSA TOWN HALL II, ADAGBRASSA",,49,118,16,0,,,,,,,,,
DELTA,OKPE,ARAGBA TOWN,"ADAGRASSA TOWN HALL , ADAGBRASSA I",,66,96,15,0,,,,,,,,,
DELTA,OKPE,ARAGBA TOWN,"OVWORI PRIMARY SCHOOL,OVWORI II",,20,32,8,0,,,,,,,,,
DELTA,OKPE,ARAGBA TOWN,"OVWORI PRIMARY SCHOOL,OVWORI II","PRIMARY SCHOOL,OVWORI I",27,44,10,0,,,,,,,,,
DELTA,OKPE,ARAGBA TOWN,"EDJEBA PRIMARY SCHOOL, EDJEBA",,8,12,4,0,,,,,,,,,
DELTA,OKPE,ARAGBA TOWN,"ARAGBA TOWN HALL, ARAGBA IV",,27,46,9,0,,,,,,,,,
DELTA,OKPE,ARAGBA TOWN,"ARAGBA TOWN HALL, ARAGBA III",,43,60,13,0,,,,,,,,,
DELTA,OKPE,ARAGBA TOWN,"ARAGBA TOWN HALL, ARAGBA II",,23,41,20,0,,,,,,,,,
DELTA,OKPE,ARAGBA TOWN,"ARAGBA TOWN HALL,ARAGBA I",,21,44,10,0,,,,,,,,,
DELTA,OKPE,MEREJE I,"ORHUE SECONDARY SCHOOL,MEREJE",,10,34,5,0,,,,,,,,,
DELTA,OKPE,MEREJE I,"ORHUE PRIMARY SCHOOL,MEREJE",,14,78,20,0,,,,,,,,,
DELTA,OKPE,MEREJE I,"OPEN SPACE BY J2Y HOTEL JUNCTION ,EGBORODE",,4,15,16,0,,,,,,,,,
DELTA,OKPE,MEREJE I,"OPEN SPACE BY EGBORODE JUNCTION ,EGBORODE",,5,15,120,1,,,,,,,,,
DELTA,OKPE,MEREJE I,"EGBORODE PRIMARY SCHOOL III,EGBORODE",,3,7,18,0,,,,,,,,,
DELTA,OKPE,MEREJE I,"OKWUVO TOWN HALL, OKWUVO II",,19,50,13,0,,,,,,,,,
DELTA,OKPE,MEREJE I,"OKWUVO TOWN HALL, OKWUVO I",,19,44,13,0,,,,,,,,,
DELTA,OKPE,MEREJE I,"OKWOKOLO TOWN HALL,OKWOKOLO II",,13,24,28,0,,,,,,,,,
DELTA,OKPE,MEREJE I,"OKWOKOLO TOWN HALL,OKWOKOLO I",,23,43,31,0,,,,,,,,,
DELTA,OKPE,MEREJE I,"IFUAMA TOWN HALL,EROGHOR",,34,67,6,0,,,,,,,,,
DELTA,OKPE,MEREJE I,"MEREJE TOWN HALL,MEREJE IV",,15,69,27,0,,,,,,,,,
DELTA,OKPE,MEREJE I,"MEREJE TOWN HALL,MEREJE III",,10,94,37,0,,,,,,,,,
DELTA,OKPE,MEREJE I,"MEREJE TOWN HALL,MEREJE I",,19,69,32,0,,,,,,,,,
DELTA,OKPE,MEREJE I,"EGBORODE TOWN HALL,EGBORODE III",,43,120,42,0,,,,,,,,,
DELTA,OKPE,MEREJE I,"EGBORODE TOWN HALL,EGBORODE II",,17,53,28,0,,,,,,,,,
DELTA,OKPE,MEREJE I,"EGBORODE TOWN HALL,EGBORODE I",,2,64,34,0,,,,,,,,,
DELTA,OKPE,MEREJE I,"EKOKOR PRIMARY SCHOOL, EKOKOR I",,21,91,9,0,,,,,,,,,
DELTA,OKPE,MEREJE II,"OVIRI COURT,ADEJE",,95,59,36,0,,,,,,,,,
DELTA,OKPE,MEREJE II,"ALELODJE TOWN HALL, ALELODJE",,51,70,21,0,,,,,,,,,
DELTA,OKPE,MEREJE II,"OVIRI COURT HALL II,ADEJE",,56,12,18,0,,,,,,,,,
DELTA,OKPE,MEREJE II,"ADEJE SECONDARY SCHOOL,ADEJE",,25,26,52,1,,,,,,,,,
DELTA,OKPE,MEREJE II,"ADEJE PRIMARY SCHOOL,ADEJE II",,55,56,54,0,,,,,,,,,
DELTA,OKPE,MEREJE II,"OKUEMOEFE TOWN HALL,OKUEMOEFE",,41,39,6,0,,,,,,,,,
DELTA,OKPE,MEREJE II,"OKWEJEBA TOWN HALL,OKWEJEBA",,26,71,27,0,,,,,,,,,
DELTA,OKPE,MEREJE II,"OP[EN SPACE BY IDUMUINUAYEFE,OKUGBOGBO",,3,6,1,0,,,,,,,,,
DELTA,OKPE,MEREJE II,"OKUGBOGBO TOWN HALL,OKU GBOGBO",,26,49,14,0,,,,,,,,,
DELTA,OKPE,MEREJE II,"IRIAMA PRIMARY SCHOOL,IRIAMA II",,39,61,7,0,,,,,,,,,
DELTA,OKPE,MEREJE II,"OPURAJA PRIMARY SCHOOL,OPURAJA IV ",,13,42,5,0,,,,,,,,,
DELTA,OKPE,MEREJE II,"ADEJE CUSTOMARY COURT,ADEJE",,34,38,39,0,,,,,,,,,
DELTA,OKPE,MEREJE II,"OTOMEWO TOWN HALL,OTOMEWO",,44,54,53,0,,,,,,,,,
DELTA,OKPE,MEREJE II,"EGBELEKU PRIMARY SCHOOL,EGEBELEKU",,95,35,15,0,,,,,,,,,
DELTA,OKPE,MEREJE II,"OKWIJOROGU TOWN HALL, OKWIJOROGU",,37,47,40,0,,,,,,,,,
DELTA,OKPE,MEREJE II,"IKPOKPOGRI TOWN HALL,IKPOKPOGRI",,26,85,37,0,,,,,,,,,
DELTA,OKPE,MEREJE II,"ADEJE TOWN HALL,ADEJE",,47,56,59,0,,,,,,,,,
DELTA,OKPE,MEREJE II,"IRIAMA PRIMARY SCHOOL,IRIAMA I",,24,62,9,0,,,,,,,,,
DELTA,OKPE,MEREJE II,"OPURAJA PRIMARY SCHOOL,OPURAJA I ",,12,61,19,0,,,,,,,,,
DELTA,OKPE,MEREJE II,"ADEJE PRIMARY SCHOOL,ADEJE III",,23,26,21,0,,,,,,,,,
DELTA,OKPE,MEREJE II,"OKWEJEBA TOWN HALL,OKWEJEBA",,49,82,23,0,,,,,,,,,
DELTA,OKPE,MEREJE II,"OPURAJA PRIMARY SCHOOL,OPURAJA II",,25,93,17,0,,,,,,,,,
DELTA,OKPE,MEREJE II,"OPURAJA PRIMARY SCHOOL,OPURAJA III",,9,24,7,0,,,,,,,,,
DELTA,OKPE,MEREJE III,"OKOBIA PRIMARY SCHOOL,OKOBIA II",,17,57,5,0,,,,,,,,,
DELTA,OKPE,MEREJE III,"OKOLOVU TOWN HALL,OKOLOVU",,52,48,10,0,,,,,,,,,
DELTA,OKPE,MEREJE III,"OKUETOLOP TOWN HALL,OKUETOLOP II",,34,66,9,0,,,,,,,,,
DELTA,OKPE,MEREJE III,"OKUABUDE TOWN HALL II,OKUABUDE",,6,9,8,0,,,,,,,,,
DELTA,OKPE,MEREJE III,"OKOBIA PRIMARY SCHOOL,OKOBIA I",,23,62,12,0,,,,,,,,,
DELTA,OKPE,MEREJE III,"OKUOGHOLO TOWN HALL,OKUOGHOLO",,13,29,22,0,,,,,,,,,
DELTA,OKPE,MEREJE III,"OKUOBUDE TOWN HALL, OKUOBUDE",,72,108,50,0,,,,,,,,,
DELTA,OKPE,MEREJE III,"OKUETOLOP TOWN HALL,OKUETOLOP III",,34,54,11,0,,,,,,,,,
DELTA,OKPE,MEREJE III,"OKUETOLOP TOWN HALL,OKUETOLOP I",,22,52,10,0,,,,,,,,,
DELTA,OKPE,MEREJE III,"OKUEGUME TOWN HALL,OKUEGUME",,12,60,2,0,,,,,,,,,
DELTA,OKPE,MEREJE III,"OYENKE TOWN HALL,OYENKE I",,8,60,17,0,,,,,,,,,
DELTA,OKPE,MEREJE III,"JAKPA TOWN HALL,JAKPA",,17,70,6,0,,,,,,,,,
DELTA,OKPE,UGHOTON,"GOVERNMENT HEALTH CARE CENTER I,JEDDO",,3,4,70,0,,,,,,,,,
DELTA,OKPE,UGHOTON,"OPEN SPACE OPPOSITE CATHOLIC CHURCH, JEDDO",,2,1,26,0,,,,,,,,,
DELTA,OKPE,UGHOTON,"OPEN SPACE BY UGBOKODO MARKET SQUARE, UGBOKODO",,10,26,52,0,,,,,,,,,
DELTA,OKPE,UGHOTON,"UGHOTON PRIMARY SCHOOL,UGHOTON",,18,34,67,0,,,,,,,,,
DELTA,OKPE,UGHOTON,"UDUMUGAGWORO,JEDDO",,8,15,64,0,,,,,,,,,
DELTA,OKPE,UGHOTON,"OPEN SPACE BY JEDDO AIR FORCE MESS,JEDDO",,4,10,83,0,,,,,,,,,
DELTA,OKPE,UGHOTON,"UDUMURHIE TOWN HALL,JEDDO I",,10,15,69,0,,,,,,,,,
DELTA,OKPE,UGHOTON,"OGWALEDION TOWN HALL,UGBOKODO",,8,60,94,0,,,,,,,,,
DELTA,OKPE,UGHOTON,"OPEN SPACE BY UGBOKODO  JUNCTION BY UGHOTON ROAD,UGBOKODO",,5,19,51,1,,,,,,,,,
DELTA,OKPE,UGHOTON,"OPEN SPACE BY DDPA JUNCTION ,JEDDO",,9,3,106,1,,,,,,,,,
DELTA,OKPE,UGHOTON,"UDUMURHIE TOWN HALL,JEDDO II",,16,18,52,0,,,,,,,,,
DELTA,OKPE,UGHOTON,"OPEN SPACE BY NEW OKPE ROAD JUNCTION,JEDDO",,7,14,103,0,,,,,,,,,
DELTA,OKPE,UGHOTON,"JEDDO SECONDARY SCHOOL,JEDDO",,1,2,72,0,,,,,,,,,
DELTA,OKPE,UGHOTON,"OPEN SPACE BY WATERSIDE MARKET, UGHOTON",,0,0,10,0,,,,,,,,,
DELTA,OKPE,UGHOTON,"UBRETE TOWN HALL,UGHOTON I",,29,35,51,0,,,,,,,,,
DELTA,OKPE,UGHOTON,"IDODO TOWN HALL II, UGHOTON",,2,0,7,0,,,,,,,,,
DELTA,OKPE,UGHOTON,"ESEZI SECONDARY SCHOOL,UGHOTON",,13,9,54,0,,,,,,,,,
DELTA,OKPE,UGHOTON,"UGBOKODO TOWN HALL,UGBOKODO III",,10,41,73,0,,,,,,,,,
DELTA,ETHIOPE EAST,ABRAKA I,U RHUOAKA SECONDARY SCH.URHUOAKA,,0,1,2,0,,,,,,,,,
DELTA,ETHIOPE EAST,ABRAKA I,GENERAL HOSPITAL ABRAKA,,2,2,28,0,,,,,,,,,
DELTA,ETHIOPE EAST,ABRAKA I,OPEN SPACE BY AMUKU CLOSE JUNCTION,,0,3,16,0,,,,,,,,,
DELTA,ETHIOPE EAST,ABRAKA I,OPEN SPACE BY LEMMY GRACE-NUJT ROAD JUNCTION,,3,6,84,0,,,,,,,,,
DELTA,ETHIOPE EAST,ABRAKA I,ABRAKA OGBEJI VILLAGE ,,36,53,84,4,,,,,,,,,
DELTA,ETHIOPE EAST,ABRAKA I,ABRAKA /FRONT OF CAMPUS,,11,25,101,2,,,,,,,,,
DELTA,ETHIOPE EAST,ABRAKA I,URHUOKA /URHUOKA P/S II,,22,44,124,3,,,,,,,,,
DELTA,ETHIOPE EAST,ABRAKA I,URHUOKA/URHUOKA P/S HALL I,,28,56,81,0,,,,,,,,,
DELTA,ETHIOPE EAST,ABRAKA I,ABRAKA P.O/ABRAKA G/S,,9,15,233,3,,,,,,,,,
DELTA,ETHIOPE EAST,ABRAKA I,EKREJETA /EKREJETA P/S,,16,10,140,1,,,,,,,,,
DELTA,ETHIOPE EAST,ABRAKA I,ABRAKA P.O/ABRAKA MODEL P/S II,,33,21,113,2,,,,,,,,,
DELTA,ETHIOPE EAST,ABRAKA I,ABRAKA P.O ABRAKA MODEL P/S I,,13,57,173,1,,,,,,,,,
DELTA,ETHIOPE EAST,ABRAKA I,ABRAKA P.O/CAMPUS HALL,,4,21,219,4,,,,,,,,,
DELTA,ETHIOPE EAST,ABRAKA II,AJALOMI/AJALOMI VILLAGE,,18,45,89,5,,,,,,,,,
DELTA,ETHIOPE EAST,ABRAKA II,UGONO ABRAKA/UGONO P/S,,35,93,67,1,,,,,,,,,
DELTA,ETHIOPE EAST,ABRAKA II,ABRAKA INLAND/ORHONO P/S,,24,32,41,8,,,,,,,,,
DELTA,ETHIOPE EAST,ABRAKA II,ABRAKA INLAND/ABRAKA INLAND T/HALL,,20,34,79,5,,,,,,,,,
DELTA,ETHIOPE EAST,ABRAKA III,URHUANGBESA/URHUANGBESA P/S,,22,81,42,0,,,,,,,,,
DELTA,ETHIOPE EAST,ABRAKA III,URHUANGBESA P/S,,11,7,9,0,,,,,,,,,
DELTA,ETHIOPE EAST,ABRAKA III,UGHEREUGHERE VILLAGE,,9,17,22,0,,,,,,,,,
DELTA,ETHIOPE EAST,ABRAKA III,UMIAGHWAUMIAGHWA P/S II,,37,57,80,1,,,,,,,,,
DELTA,ETHIOPE EAST,ABRAKA III,UMIAGHWAMUMIAGHWA P/S I,,39,52,75,4,,,,,,,,,
DELTA,ETHIOPE EAST,ABRAKA III,ORIA ABRAKA MARKET,,6,18,11,1,,,,,,,,,
DELTA,ETHIOPE EAST,ABRAKA III,ORIAORIA P/S,,19,38,62,6,,,,,,,,,
DELTA,ETHIOPE EAST,ABRAKA III,OPEN SPACE BY ODUMERE JUNCTION,,14,36,24,3,,,,,,,,,
DELTA,ETHIOPE EAST,ABRAKA III,"OPEN SPACE BY TOWN HALL JUNCTION,ORIA ABRAKA",,18,37,15,2,,,,,,,,,
DELTA,ETHIOPE EAST,ABRAKA III,"CUSTOMARY COURT,ORIA ABRAKA",,1,48,4,0,,,,,,,,,
DELTA,ETHIOPE EAST,ABRAKA III,"OPEN SPACE BY MARKET JUNCTION,ORIA-ABRAKA",,0,4,2,0,,,,,,,,,
DELTA,ETHIOPE EAST,ABRAKA III,"EBISE PRIMARY SCHOOL II,ORIA-ABRAKA",,1,28,0,0,,,,,,,,,
DELTA,ETHIOPE EAST,ABRAKA III,"EBISE PRIMARY SCHOOL I,ORIA-ABRAKA",,9,33,3,0,,,,,,,,,
DELTA,ETHIOPE EAST,ABRAKA III,UMEGHE  WALTH CENTRE UMEGHE-ABRAKA,,1,22,17,1,,,,,,,,,
DELTA,ETHIOPE EAST,ABRAKA III,UMIAGHWA/UMIAGHWA P/S,,24,44,69,2,,,,,,,,,
DELTA,ETHIOPE EAST,ABRAKA III,UMEGHE/UMEGHE P/S II,,36,25,53,2,,,,,,,,,
DELTA,ETHIOPE EAST,ABRAKA III,UMEGHE/UMEGHE P/S I,,46,42,86,2,,,,,,,,,
DELTA,ETHIOPE EAST,ABRAKA III,ORIA/ORIA T/HALL,,48,58,75,8,,,,,,,,,
DELTA,ETHIOPE EAST,ABRAKA III,ORIA /ORIA P/S III,,27,60,59,5,,,,,,,,,
DELTA,ETHIOPE EAST,ABRAKA III,ORIA/ORIA P/S II,,38,40,95,5,,,,,,,,,
DELTA,ETHIOPE EAST,AGBON I,"CUSTOMARY COURT,OKPARA INLAND",,10,3,25,0,,,,,,,,,
DELTA,ETHIOPE EAST,AGBON I,OKPARA INLAND I OKPARA T/HALL,,49,24,61,0,,,,,,,,,
DELTA,ETHIOPE EAST,AGBON I,"PRIMARY HEALTH CARE CENTER,OKPARA INLAND",,21,15,25,1,,,,,,,,,
DELTA,ETHIOPE EAST,AGBON II,ASORO/ASORO VILLAGE,,23,57,29,0,,,,,,,,,
DELTA,ETHIOPE EAST,AGBON II,EJOVOVWI P/S OVWERERE,,40,27,15,3,,,,,,,,,
DELTA,ETHIOPE EAST,AGBON II,"OVU GRAMMER SCHOOL,OVU",,21,36,16,1,,,,,,,,,
DELTA,ETHIOPE EAST,AGBON II,OPEN SPACE BY LONDON IKWE-UFUOMA STRRET,,30,17,28,0,,,,,,,,,
DELTA,ETHIOPE EAST,AGBON II,"EZEBUE PRIMARY SCHOOL,OGORIVO-OVU",,31,13,12,1,,,,,,,,,
DELTA,ETHIOPE EAST,AGBON II,"OVIORE  WATERBOARD,OVIORE",,14,1,20,0,,,,,,,,,
DELTA,ETHIOPE EAST,AGBON II,OVU INLAND TOWN HALL,,9,7,8,0,,,,,,,,,
DELTA,ETHIOPE EAST,AGBON II,OKE/OKE VILLAGE,,40,47,28,0,,,,,,,,,
DELTA,ETHIOPE EAST,AGBON II,EMAKA/EMAKA VILLAGE,,66,41,26,0,,,,,,,,,
DELTA,ETHIOPE EAST,AGBON II,OVU INLAND/IGHENE STREET OVU,,15,37,24,1,,,,,,,,,
DELTA,ETHIOPE EAST,AGBON II,EKPAN/EKPAN P/S,,31,84,19,0,,,,,,,,,
DELTA,ETHIOPE EAST,AGBON II,URHODO/ONUKOBALE P/S,,42,30,6,0,,,,,,,,,
DELTA,ETHIOPE EAST,AGBON II,URHODO/URHODO P/S,,85,43,34,0,,,,,,,,,
DELTA,ETHIOPE EAST,AGBON II,OVU INLAND/OVU P/S II,,41,21,98,1,,,,,,,,,
DELTA,ETHIOPE EAST,AGBON II,OVIORE/OVIORE POST OFFICE,,70,26,122,3,,,,,,,,,
DELTA,ETHIOPE EAST,AGBON II,OVIORE/OMOISE VILLAGE,,36,48,67,4,,,,,,,,,
DELTA,ETHIOPE EAST,AGBON II,OVIORE/OVIORE P/S II,,32,60,77,1,,,,,,,,,
DELTA,ETHIOPE EAST,AGBON II,OVIORE/OVIORE P/S I,,32,50,61,9,,,,,,,,,
DELTA,ETHIOPE EAST,AGBON III,OPEN SPACE BY OKPE STREET JUNCTION,,2,9,2,2,,,,,,,,,
DELTA,ETHIOPE EAST,AGBON III,KOKORI/AKPOJEVWI ST.JUNCTION,,55,16,16,2,,,,,,,,,
DELTA,ETHIOPE EAST,AGBON III,KOKORI OSE FAMILY HALL,,60,29,25,1,,,,,,,,,
DELTA,ETHIOPE EAST,AGBON III,KOKORI/OZIEGBE,,61,52,43,1,,,,,,,,,
DELTA,ETHIOPE EAST,AGBON III,OPEN SPACE BY URUOGO T-JUNCTION,,21,21,16,1,,,,,,,,,
DELTA,ETHIOPE EAST,AGBON III,OPEN SPACE BY AVENUE JUNCTION KOKORI,,17,10,13,0,,,,,,,,,
DELTA,ETHIOPE EAST,AGBON III,"ONIVWITA HALL,AKPOROBA STREET",,15,7,12,0,,,,,,,,,
DELTA,ETHIOPE EAST,AGBON III,"UVWEDI STREET HALL,KOKORI",,4,2,2,1,,,,,,,,,
DELTA,ETHIOPE EAST,AGBON III,ANAKA/ANAKA WATERSIDE,,32,82,27,2,,,,,,,,,
DELTA,ETHIOPE EAST,AGBON III,ERHOKORI/ERHOKORI P/S,,73,27,11,2,,,,,,,,,
DELTA,ETHIOPE EAST,AGBON III,OKPE/OKPE VILLAGE P/S,,34,29,0,0,,,,,,,,,
DELTA,ETHIOPE EAST,AGBON III,ERHOIKE/ERHOIKE P/S,,51,20,12,1,,,,,,,,,
DELTA,ETHIOPE EAST,AGBON III,KOKORI II KOKORI G/S,,69,17,46,2,,,,,,,,,
DELTA,ETHIOPE EAST,AGBON III,KOKORI II/PRIMARY HEALTH CENTRE,,25,41,24,3,,,,,,,,,
DELTA,ETHIOPE EAST,AGBON III,KOKORI II/OKPE STREET HALL II,,30,41,25,3,,,,,,,,,
DELTA,ETHIOPE EAST,AGBON III,KOKORI II/OKPE STREET HALL I,,33,69,34,1,,,,,,,,,
DELTA,ETHIOPE EAST,AGBON III,OKORI II/KOKORI GIRLS SCHOOL,,91,53,58,15,,,,,,,,,
DELTA,ETHIOPE EAST,AGBON III,KOKORI II/BOLOKOR GATE,,73,59,29,0,,,,,,,,,
DELTA,ETHIOPE EAST,AGBON III,KOKORI II/OLD POST OFFICE,,93,53,53,10,,,,,,,,,
DELTA,ETHIOPE EAST,AGBON III,KOKORI I/EDIAGBON ST.OSE STREET,,61,26,46,2,,,,,,,,,
DELTA,ETHIOPE EAST,AGBON III,KOKORI I/EKRAKA ST.HALL,,58,29,46,3,,,,,,,,,
DELTA,ETHIOPE EAST,AGBON IV,NEW COMMUNITY TOWN HALL,,27,17,28,3,,,,,,,,,
DELTA,ETHIOPE EAST,AGBON IV,"WATERBOARD,ORHOAKPOR",,29,31,13,0,,,,,,,,,
DELTA,ETHIOPE EAST,AGBON IV,ORHOAKPOR/OGWA STREET JUNCTION,,68,50,19,8,,,,,,,,,
DELTA,ETHIOPE EAST,AGBON IV,ORHOAKPOR/FRONT OF SAGBODJE COMP,,33,47,13,2,,,,,,,,, 
DELTA,ETHIOPE EAST,AGBON IV,ORHOAKPOR/OKEREKA GATE,,44,38,39,4,,,,,,,,,
DELTA,ETHIOPE EAST,AGBON IV,ORHOAKPOR/ BY MARKET SQUARE,,36,76,35,1,,,,,,,,,
DELTA,ETHIOPE EAST,AGBON IV,ORHOAKPOR/ORHOAKPOR P/S,,39,43,33,3,,,,,,,,,
DELTA,ETHIOPE EAST,AGBON IV,ORHOAKPOR/ORHOAKPOR T/HALL,,42,43,38,1,,,,,,,,,
DELTA,ETHIOPE EAST,AGBON IV,ORHOAKPOR/IKORO ST.JUNCTION,,85,57,28,4,,,,,,,,,
DELTA,ETHIOPE EAST,AGBON IV,ORHOAKPOR/ORHOAKPOR SECONDARY SCHOOL,,34,62,42,4,,,,,,,,,
DELTA,ETHIOPE EAST,AGBON V,OKODAFE EREGBE P/S II,,27,74,45,1,,,,,,,,,
DELTA,ETHIOPE EAST,AGBON V,"POSTAL AGENCY,OKPARA WATERSIDE",,9,35,22,2,,,,,,,,,
DELTA,ETHIOPE EAST,AGBON V,EJENAVWO PRIMARY SCHOOL,,2,3,3,0,,,,,,,,,
DELTA,ETHIOPE EAST,AGBON V,IGUN/IGUN GIRLS SCHOOL II,,30,38,47,0,,,,,,,,,
DELTA,ETHIOPE EAST,AGBON V,OKORORI /OKOROBI VILLAGE,,17,24,23,1,,,,,,,,,
DELTA,ETHIOPE EAST,AGBON V,IGUN/IGUN G/S,,27,31,53,0,,,,,,,,,
DELTA,ETHIOPE EAST,AGBON V,IGUN/IGUN MATERNITY CENTER,,42,40,110,1,,,,,,,,,
DELTA,ETHIOPE EAST,AGBON V,IGUN/OHWOYOVWE P/S,,18,62,118,5,,,,,,,,,
DELTA,ETHIOPE EAST,AGBON V,AGBORHORO/AGBORHORO VILLAGE,,10,70,7,2,,,,,,,,,
DELTA,ETHIOPE EAST,AGBON V,OKODAFE/EREGBE P/S I,,22,42,23,1,,,,,,,,,
DELTA,ETHIOPE EAST,AGBON V,OKOROBI/OKOROBI VILAGE,,23,21,19,3,,,,,,,,,
DELTA,ETHIOPE EAST,AGBON V,OKOROGBA/OKURIVO/EGBO P/S OKUROVO,,33,26,41,0,,,,,,,,,
DELTA,ETHIOPE EAST,AGBON V,OKPARA WATERSIDE/OHWERE GIRLS SCHOOL,,27,58,69,2,,,,,,,,,
DELTA,ETHIOPE EAST,AGBON V,OKPARA WSATERSIDE/EROGWERE P/S,,28,60,122,6,,,,,,,,,
DELTA,ETHIOPE EAST,AGBON V,OKPARA WATERSIDE/ERHOKPARA P/S,,30,44,97,6,,,,,,,,,
DELTA,ETHIOPE EAST,AGBON V,OKPARA WATERSIDE/OKPARA GIRLS,,25,44,88,4,,,,,,,,,
DELTA,ETHIOPE EAST,AGBON VI,"MAGISTRATES COURT,EKU ",,8,11,38,1,,,,,,,,,
DELTA,ETHIOPE EAST,AGBON VI,OPEN SPACE BY ARUOTURE STREET JUNCTION STREET,,11,11,12,1,,,,,,,,,
DELTA,ETHIOPE EAST,AGBON VI,OPEN SPACE BY ESVEE OMEKEH STREET JUNCTION,,6,21,46,4,,,,,,,,,
DELTA,ETHIOPE EAST,AGBON VI,OPEN SPACE BY FOUR JUNCTION ALONG UBOGU STRRET EKU,,6,17,58,5,,,,,,,,,
DELTA,ETHIOPE EAST,AGBON VI,"OPEN SPACE BY ONORUKAYE AGHOGHOVBIA LAYOUT JUNCTION ,EKU",,3,4,4,0,,,,,,,,,
DELTA,ETHIOPE EAST,AGBON VI,STATE SCHOOL OF NURSING AUDITORIUM,,5,66,23,2,,,,,,,,,
DELTA,ETHIOPE EAST,AGBON VI,"OPEN SPACE BY CONVENANT SCHOOL JUNCTION ,EKU",,10,10,9,0,,,,,,,,,
DELTA,ETHIOPE EAST,AGBON VI,"OPEN SPACE BY NEPA JUNCTION,EKU",,12,24,59,2,,,,,,,,,
DELTA,ETHIOPE EAST,AGBON VI,EKU II/MADEON P/S II,,36,22,106,2,,,,,,,,,
DELTA,ETHIOPE EAST,AGBON VI,EKU II/MECHANIC VILLAGE,,14,18,29,0,,,,,,,,,
DELTA,ETHIOPE EAST,AGBON VI,EKU II BY MARKET SQUARE,,31,23,85,4,,,,,,,,,
DELTA,ETHIOPE EAST,AGBON VI,EKU II/EKU T/HALL II,,39,75,90,1,,,,,,,,,
DELTA,ETHIOPE EAST,AGBON IV,EKU I/INEWEH P/S,,24,22,90,2,,,,,,,,,
DELTA,ETHIOPE EAST,AGBON VI,EKU II/AGANBI P/S II,,18,55,88,4,,,,,,,,,
DELTA,ETHIOPE EAST,AGBON VI,EKU II/PASTORS SCHOOL,,18,43,75,1,,,,,,,,,
DELTA,ETHIOPE EAST,AGBON VI,ECHI/ECHI P/S,,53,68,44,1,,,,,,,,,
DELTA,ETHIOPE EAST,AGBON VI,ORHONO EKU/ORHONO P/S,,46,30,79,2,,,,,,,,,
DELTA,ETHIOPE EAST,AGBON VI,EKU II /AGANBI G/S I,,32,41,82,1,,,,,,,,,
DELTA,ETHIOPE EAST,AGBON VI,EKU II/CHRIS STREET,,46,37,70,5,,,,,,,,,
DELTA,ETHIOPE EAST,AGBON VI,"EKU II,HOSPITAL QUARTERS",,13,62,135,3,,,,,,,,,
DELTA,ETHIOPE EAST,AGBON VI,EKU II/AGANBI P/S I,,24,84,82,2,,,,,,,,,
DELTA,ETHIOPE EAST,AGBON VI,EKU II/MADEON P/S I,,26,24,114,5,,,,,,,,,
DELTA,ETHIOPE EAST,AGBON VI,EKU II/EKU T/HALL I,,15,39,89,0,,,,,,,,,
DELTA,ETHIOPE EAST,AGBON VI,EKU I/NEWEH P/S II,,40,26,118,3,,,,,,,,,
DELTA,ETHIOPE EAST,AGBON VI,EKU I/NEWEH P/S I,,63,24,88,2,,,,,,,,,
DELTA,ETHIOPE EAST,AGBON VII,EKRAKA/AGBUE P/S,,23,64,14,0,,,,,,,,,
DELTA,ETHIOPE EAST,AGBON VII,EDIAGBON/EDIAGBON VILLAGE,,25,35,39,1,,,,,,,,,
DELTA,ETHIOPE EAST,AGBON VII,EGBO/IBRUVWE INT.SECONDARY SCHOOL,,38,32,49,0,,,,,,,,,
DELTA,ETHIOPE EAST,AGBON VII,EGBO/ISIORHO VILLAGE,,22,28,12,1,,,,,,,,,
DELTA,ETHIOPE EAST,AGBON VII,SAMAGIDI/EMEGHWU HALL,,7,32,8,0,,,,,,,,,
DELTA,ETHIOPE EAST,AGBON VII,EGBO/URHUSHUE VILLAGE,,29,64,10,0,,,,,,,,,
DELTA,ETHIOPE EAST,AGBON VII,EGBO/SECONDARY COMMUNITY SCHOOL,,41,47,17,1,,,,,,,,,
DELTA,ETHIOPE EAST,AGBON VII,"EGBO/EGBO P/S,EGBOGHO",,24,63,26,2,,,,,,,,,
DELTA,ETHIOPE EAST,AGBON VII,EGBO/ONOHUAKPOR VILLAGE,,25,38,21,0,,,,,,,,,
DELTA,ETHIOPE EAST,AGBON VII,EGBO/EKRUDU-EGBO,,27,38,15,0,,,,,,,,,
DELTA,ETHIOPE EAST,AGBON VII,URHUOKPE/URHUOKPE VILLAGE,,79,73,21,0,,,,,,,,,
DELTA,ETHIOPE EAST,AGBON VII,SAMAGIDI/IBRUVWE P/S,,58,55,49,0,,,,,,,,,
DELTA,ETHIOPE EAST,AGBON VIII,OPEN SPACE BY UKUDJAVWERI JUNCTION,,21,42,27,2,,,,,,,,,
DELTA,ETHIOPE EAST,AGBON VIII,OPEN  SPACE BY ISIOKOLO MARKET SQUARE,,68,29,23,0,,,,,,,,,
DELTA,ETHIOPE EAST,AGBON VIII,FRONT OF SOHJWO'S GATE EKREBUO,,30,54,47,0,,,,,,,,,
DELTA,ETHIOPE EAST,AGBON VIII,"FRONT OF AMAGRE GATE,EKREBUO",,52,53,58,1,,,,,,,,,
DELTA,ETHIOPE EAST,AGBON VIII,"FRONT OF LOCAL GOVERNMENT COUNCIL,ISIOKOLO",,25,60,69,1,,,,,,,,,
DELTA,ETHIOPE EAST,AGBON VIII,FRONT OF EJOMAFUVWE'S COMPAND,,39,126,81,1,,,,,,,,,
DELTA,ETHIOPE EAST,AGBON VIII,OLD POLICE STATION ISIOKOLO,,51,82,90,2,,,,,,,,,
DELTA,OSHIMILI-NORTH,AKWUKWU,UMU-ONAI VILLAGE SQUARE(OPEN SPACE),,13,11,47,1,,,,,,,,,
DELTA,OSHIMILI-NORTH,AKWUKWU,ATUMA IGA PRIMARY SCHOOL-OGBE-ANI/AJAJI,,14,90,64,4,,,,,,,,,
DELTA,OSHIMILI-NORTH,AKWUKWU,EZI-EKE OGBA-OKODE UMU-EKEKE(OPEN SPACE),,19,29,52,0,,,,,,,,,
DELTA,OSHIMILI-NORTH,AKWUKWU,ANIDINMA PRIMARY SCHOOL-ANIDINMA CAMP AND ENVIRONS II,,2,11,23,2,,,,,,,,,
DELTA,OSHIMILI-NORTH,AKWUKWU,AKWUKWU IGBO GRAMMAR SCHOOL,,23,20,10,0,,,,,,,,,
DELTA,OSHIMILI-NORTH,AKWUKWU,ATUMA IGA TOWN HALL-OGBE-ONIHA/OGBE OBI,,13,52,59,1,,,,,,,,,
DELTA,OSHIMILI-NORTH,AKWUKWU,AGBOGIDI PRIMARY SCHOOL-OGBE ONISHE/OGBE ANI/OGBE IYASE,,36,68,141,0,,,,,,,,,
DELTA,OSHIMILI-NORTH,AKWUKWU,OKOTOMI HALL-OKOTOMI CAMP AND ENVIRONS,,3,4,30,0,,,,,,,,,
DELTA,OSHIMILI-NORTH,AKWUKWU,OGWA-AWOLO OPEN SPACE,,3,22,31,0,,,,,,,,,
DELTA,OSHIMILI-NORTH,AKWUKWU,ANIDINMA PRIMARY SCHOOL-ANIDIMA CAMP AND ENVIRONS I,,3,24,36,0,,,,,,,,,
DELTA,OSHIMILI-NORTH,AKWUKWU,ODOZIENU PRIMARY SCHOOL-ODOZIENU CAMP AND ENVIRONS,,19,74,84,2,,,,,,,,,
DELTA,OSHIMILI-NORTH,AKWUKWU,D-10 CAMP HALL,,4,2,34,2,,,,,,,,,
DELTA,OSHIMILI-NORTH,AKWUKWU,OPP.OBI'S  PALACE UMUONAI/UMUEKEKEKE AND ENVIRONS,,41,37,119,2,,,,,,,,,
DELTA,OSHIMILI-NORTH,AKWUKWU,COMMUNITY PARK IDUMU-OMONA,,15,42,59,1,,,,,,,,,
DELTA,OSHIMILI-NORTH,AKWUKWU,ILOH OGBE-ONISHE OPEN SPACE,,26,25,21,1,,,,,,,,,
DELTA,OSHIMILI-NORTH,AKWUKWU,OGBE ANI COMMUNITY HALL,,12,42,52,1,,,,,,,,,
DELTA,OSHIMILI-NORTH,EBU,UBUENI PRIMARY SCHOOL OKUDU/OKELE/OGOR,,10,42,34,2,,,,,,,,,
DELTA,OSHIMILI-NORTH,EBU,EKPECHOR TOWN HALL,,13,21,18,1,,,,,,,,,
DELTA,OSHIMILI-NORTH,EBU,AGINIKE-OJENIGBIRO NEW AETTLEMENT(OPEN SPACE),,8,18,58,1,,,,,,,,,
DELTA,OSHIMILI-NORTH,EBU,OKEOPEN SPACE,,0,35,9,0,,,,,,,,,
DELTA,OSHIMILI-NORTH,EBU,UCHEBE OLOKO TOWN HALL,,94,46,41,0,,,,,,,,,
DELTA,OSHIMILI-NORTH,EBU,OKURU TOWN HALL,,19,48,19,0,,,,,,,,,
DELTA,OSHIMILI-NORTH,EBU,OKURU TOWN HALLII,,16,65,58,0,,,,,,,,,
DELTA,OSHIMILI-NORTH,EBU,UBUENI PRIMARY SCHOOL-ARAKA OGOLI/ARAKODIEKE/OGBE OGAOLE,,34,40,33,0,,,,,,,,,
DELTA,OSHIMILI-NORTH,EBU,AMOKHALE TOWN HALL,,23,27,65,3,,,,,,,,,
DELTA,OSHIMILI-NORTH,EBU,ST.PAUL'S G/SCHOOL  EKPECHORI/EKPECHOR VILLAGE II,,5,36,40,0,,,,,,,,,
DELTA,OSHIMILI-NORTH,EBU,OGWA IYEGBU-IYEGBU CAMPS AND ENVIRONS I,,13,56,41,0,,,,,,,,,
DELTA,OSHIMILI-NORTH,ILLAH,"UGELE HALL UKWUMEGE QTRS,ILLAH",,7,94,62,0,,,,,,,,,
DELTA,OSHIMILI-NORTH,ILLAH,ILLAH TOWN HALL/UKUMEGBE/ONYIA UMUYA CAMPS/OGBEOBI/OGBEONAJE,,14,74,108,0,,,,,,,,,
DELTA,OSHIMILI-NORTH,ILLAH,OPEN SPACE OBIOMA FARM SETTLEMENT,,1,1,15,0,,,,,,,,,
DELTA,OSHIMILI-NORTH,ILLAH,UKWU-OJI UMUAGU OPEN SPACE,,5,35,48,0,,,,,,,,,
DELTA,OSHIMILI-NORTH,ILLAH,UMUOGWU UNITY HALL ILLAH,,7,40,77,1,,,,,,,,,
DELTA,OSHIMILI-NORTH,ILLAH,OPEN SPACE OGBO-ENYI CAMP ILLAH,,13,1,29,0,,,,,,,,,
DELTA,OSHIMILI-NORTH,ILLAH,OMORKA PRIMARY SCHOOL UMUAGWU/UMUTEI CAMPS/UKPOLOHWU AND CAMPS,,9,56,104,`1,,,,,,,,,
DELTA,OSHIMILI-NORTH,ILLAH,"NWABUKWU HALL,AJAI ILLAH",,1,20,45,0,,,,,,,,,
DELTA,OSHIMILI-NORTH,ILLAH,AJAJI VILLAGE SQUARE,,4,30,43,0,,,,,,,,,
DELTA,OSHIMILI-NORTH,ILLAH,OGBEOLU/UMUTEDEM OPEN SPACE ILLAH,,4,13,31,0,,,,,,,,,
DELTA,OSHIMILI-NORTH,ILLAH,OPEN SPACE NGENE FARM SETTLEMENT,,11,64,111,4,,,,,,,,,
DELTA,OSHIMILI-NORTH,ILLAH,IN FRONT OF THE HALL-UKUMEGE/ONYIA/UMUYAGBLI CAMOS/OGBEOBI/OGBE ONAJE,,21,54,108,0,,,,,,,,,
DELTA,OSHIMILI-NORTH,ILLAH,"BASIC SEC SCH,ILLAH",,15,20,49,4,,,,,,,,,
DELTA,OSHIMILI-NORTH,ILLAH,OGWA IYEGBUJ-IYEGBU CAMPS AND ENVIRONS II,,3,23,48,0,,,,,,,,,
DELTA,OSHIMILI-NORTH,ILLAH,NGEGWU PRIMARY SCHOOL-NGEWU CAMPS,,3,14,92,2,,,,,,,,,
DELTA,OSHIMILI-NORTH,ILLAH,OPEN SPACE BY WATERSIDE GWULUGWULU CAMPS AND ENVIRONS,,4,20,70,1,,,,,,,,,
DELTA,OSHIMILI-NORTH,ILLAH,SKILL ACQUISITION CENTER ILLAH,,18,27,88,2,,,,,,,,,
DELTA,OSHIMILI-NORTH,ILLAH,"ILLAH  MIXED GRAMMER SCH,ILLAH",,2,12,42,0,,,,,,,,,
DELTA,OSHIMILI-NORTH,ILLAH,OGBEOBI OPEN SPACE,,7,35,45,0,,,,,,,,,
DELTA,OSHIMILI-NORTH,IBUSA I,ELEKAMGBALA COMMUNITY HALL,,4,6,35,0,,,,,,,,,
DELTA,OSHIMILI-NORTH,IBUSA I,PRIMARY HEALTH CENTER OGBOLI,,2,7,50,0,,,,,,,,,
DELTA,OSHIMILI-NORTH,IBUSA I,UMUAGAHE SQUARE OPEN SPACE,,0,2,12,0,,,,,,,,,
DELTA,OSHIMILI-NORTH,IBUSA I,UMUADIGWE HALL,,1,14,15,0,,,,,,,,,
DELTA,OSHIMILI-NORTH,IBUSA I,UMUNWACHIE TOWN HALL,,2,25,13,0,,,,,,,,,
DELTA,OSHIMILI-NORTH,IBUSA I,ANYALOGBOR PRY SCH,,5,14,47,0,,,,,,,,,
DELTA,OSHIMILI-NORTH,IBUSA I,AKWUE PRIMARY SCHOOL OGBOLI,,3,17,22,0,,,,,,,,,
DELTA,OSHIMILI-NORTH,IBUSA I,NKPAZUNOR HALL,,2,15,32,0,,,,,,,,,
DELTA,OSHIMILI-NORTH,IBUSA I,OGWA ANI-EZUKWU HALL,,8,35,65,0,,,,,,,,,
DELTA,OSHIMILI-NORTH,IBUSA I,UMUEZO HALL,,7,4,25,0,,,,,,,,,
DELTA,OSHIMILI-NORTH,IBUSA I,OMU GIRLS PRIMARY SCHOOL,,50,21,109,0,,,,,,,,,
DELTA,OSHIMILI-NORTH,IBUSA I,ANYALOGBOR PRIMARY SCHOOL-ACHALLA AND ENVIRONS,,17,47,46,0,,,,,,,,,
DELTA,OSHIMILI-NORTH,IBUSA I,OGWU OGWA OGBOLI-OGBOLI/UMUODOGWU/ADIOSHA,,11,47,139,0,,,,,,,,,
DELTA,OSHIMILI-NORTH,IBUSA II,IDUMUOBI OFILI HALL,,4,32,31,0,,,,,,,,,
DELTA,OSHIMILI-NORTH,IBUSA II,ITEGO LAYOUT OPEN SPACE,,8,17,93,1,,,,,,,,,
DELTA,OSHIMILI-NORTH,IBUSA II,ANIOBOSHI DEMOSTRATION PRIMARY SCHOOL,,3,4,45,0,,,,,,,,,
DELTA,OSHIMILI-NORTH,IBUSA II,CUSTOMARY COURT II,,4,10,52,1,,,,,,,,,
DELTA,OSHIMILI-NORTH,IBUSA II,OKPUZU OPEN SPACE,,1,11,29,1,,,,,,,,,
DELTA,OSHIMILI-NORTH,IBUSA II,MULTIPURPOSE HALL,,10,42,59,1,,,,,,,,,
DELTA,OSHIMILI-NORTH,IBUSA II,ICT HALL ISIEKE,,10,8,26,0,,,,,,,,,
DELTA,OSHIMILI-NORTH,IBUSA II,OGWA UMUAFENE HALL UMUEKE,,5,5,32,0,,,,,,,,,
DELTA,OSHIMILI-NORTH,IBUSA II,OGWA-IDUMUEZEJE UMUEKA,,8,75,64,0,,,,,,,,,
DELTA,OSHIMILI-NORTH,IBUSA II,OGWA-ODONKWU -ODONKWU CAMPS AND ENVIRONS,,4,20,52,0,,,,,,,,,
DELTA,OSHIMILI-NORTH,IBUSA II,OGBEOWELE HALL-NWAEZE/ISIUZO/UGBOLU UMUAJA/OGBOLI/ALIGBO,,20,70,125,0,,,,,,,,,
DELTA,OSHIMILI-NORTH,IBUSA II,IBUSA POST OFFICE-ISIEKE/MKPIKOLO/UMUOGBELE,,9,75,137,1,,,,,,,,,
DELTA,OSHIMILI-NORTH,IBUSA II,OGWA ISIEKE -ISIEKE/MKPIKOLO/UMUOBELE,,33,35,110,2,,,,,,,,,
DELTA,OSHIMILI-NORTH,IBUSA III,OMU BOYS PRI SCHOOL II,,1,4,58,1,,,,,,,,,
DELTA,OSHIMILI-NORTH,IBUSA III,IBUSA HIGH COURT,,1,3,22,0,,,,,,,,,
DELTA,OSHIMILI-NORTH,IBUSA III,OGWU-UMJOBIOKPOLOR,,2,23,27,1,,,,,,,,,
DELTA,OSHIMILI-NORTH,IBUSA III,KAFAS PARK IBUSA,,5,5,36,0,,,,,,,,,
DELTA,OSHIMILI-NORTH,IBUSA III,OMU BOYS PRIMARY SCHOOL-ODAUKWU/ODAFE ISIUZO/OBI AJUDUA AND ENVIRONS,,8,11,165,0,,,,,,,,,
DELTA,OSHIMILI-NORTH,IBUSA III,OLD IBUSA TOWN HALL,,3,3,5,0,,,,,,,,,
DELTA,OSHIMILI-NORTH,IBUSA III,OGWA UMUEZEAGULU,,1,49,41,1,,,,,,,,,
DELTA,OSHIMILI-NORTH,IBUSA III,OGWA UMUEZEKOLO,,3,53,12,0,,,,,,,,,
DELTA,OSHIMILI-NORTH,IBUSA III,OGBOR IWU HALL,,1,8,39,0,,,,,,,,,
DELTA,OSHIMILI-NORTH,IBUSA III,UGWATAKPO PRIMARY SCHOOL II,,0,1,11,0,,,,,,,,,
DELTA,OSHIMILI-NORTH,IBUSA III,OSHIMILI NORTH NURSERY AND PRIMARY SCHOOL,,3,25,3,0,,,,,,,,,
DELTA,OSHIMILI-NORTH,IBUSA IV,IKEUGBA OPEN SPACE,,14,21,43,2,,,,,,,,,
DELTA,OSHIMILI-NORTH,IBUSA IV,EZEMESE PRIMARY SCHOOL-UMUISOR VILLAGE II,,12,55,124,1,,,,,,,,,
DELTA,OSHIMILI-NORTH,IBUSA IV,OGWA UMUDAIKE,,11,37,84,2,,,,,,,,,
DELTA,OSHIMILI-NORTH,IBUSA IV,EZEMESE PRIMARY SCHOOL-OKPONTA VILLAGE III,,8,11,89,2,,,,,,,,,
DELTA,OSHIMILI-NORTH,IBUSA IV,OGWA UMUDAIKE,,11,37,84,2,,,,,,,,,
DELTA,OSHIMILI-NORTH,IBUSA IV,EBENEBE CAMP,,3,18,25,0,,,,,,,,,
DELTA,OSHIMILI-NORTH,IBUSA IV,OGWA ODAGWE,,18,43,102,1,,,,,,,,,
DELTA,OSHIMILI-NORTH,IBUSA IV,ODOR RUBBER CAMP,,8,14,41,3,,,,,,,,,
DELTA,OSHIMILI-NORTH,IBUSA IV,EZEMESE PRIMARY SCHOOL-OKPONTA VILLAGE I,,6,28,111,0,,,,,,,,,
DELTA,OSHIMILI-NORTH,IBUSA V,ANIOKWE HALL-AKWUGBOKO/AKWU-OSE/ANI-AKPAKO/ANIOKWE CAMP AND ENVIRONS II,,2,6,13,0,,,,,,,,,
DELTA,OSHIMILI-NORTH,IBUSA V,UMUNWAINA HALL,,3,1,36,0,,,,,,,,,
DELTA,OSHIMILI-NORTH,IBUSA V,OGWA UMUNEZE-NKPAKPU/OBIYAM/UMUEGE,,16,56,156,0,,,,,,,,,
DELTA,OSHIMILI-NORTH,IBUSA V,UMUEZE TOWN HALL,,2,11,71,2,,,,,,,,,
DELTA,OSHIMILI-NORTH,IBUSA V,PROPOSED OMU BOYS SECONDARY SCHOOL,,5,16,61,0,,,,,,,,,
DELTA,OSHIMILI-NORTH,IBUSA V,NKATA HALL UMUEZE,,8,13,87,0,,,,,,,,,
DELTA,OSHIMILI-NORTH,IBUSA V,ANIOKWE HALL-AKWUGBOKO/AKWU-OSE/ANI-AKPAKO/ANIOKWE CAMP AND ENVIRONS I,,3,6,34,0,,,,,,,,,
DELTA,OSHIMILI-NORTH,IBUSA V,IBUSA GIRLS GRAMMAR SCHOOL,,7,7,98,0,,,,,,,,,
DELTA,OSHIMILI-NORTH,IBUSA V,ANIOSHE PRIMARY SCHOOL,,33,44,111,0,,,,,,,,,
DELTA,OSHIMILI-NORTH,IBUSA V,OGWA UMUKANYIA OPEN SPACE,,2,10,80,1,,,,,,,,,
DELTA,OSHIMILI-NORTH,OKPANAM,UMUOBIAJE COMMUNITY HALL,,3,5,24,0,,,,,,,,,
DELTA,OSHIMILI-NORTH,OKPANAM,NNEMIYI OPEN SPACE, ,2,13,103,0,,,,,,,,,
DELTA,OSHIMILI-NORTH,OKPANAM,ORUCHI COMPREHENSIVE SECONDARY SCHOOL AMACHAI,,7,8,326,3,,,,,,,,,
DELTA,OSHIMILI-NORTH,OKPANAM,UMUOMAKE COMMUNITY HALL,,1,1,31,0,,,,,,,,,
DELTA,OSHIMILI-NORTH,OKPANAM,AFIA EKE OPEN SPACE,,3,12,28,0,,,,,,,,,
DELTA,OSHIMILI-NORTH,OKPANAM,OGBEOWELLE OPEN SPACE,,2,9,82,0,,,,,,,,,
DELTA,OSHIMILI-NORTH,OKPANAM,OGWA OGBEOSADI HALL,,1,7,80,0,,,,,,,,,
DELTA,OSHIMILI-NORTH,OKPANAM,UMUMALE ADA NWAFOR CAMP,,0,0,0,0,,,,,,,,,
DELTA,OSHIMILI-NORTH,OKPANAM,BUDGET BANK/ASHIA EKE-IDIGBAOJI/IDIGBAOCHA,,14,68,128,0,,,,,,,,,
DELTA,OSHIMILI-NORTH,OKPANAM,AFOR MARKET UGBOLU,,1,1,50,0,,,,,,,,,
DELTA,OSHIMILI-NORTH,OKPANAM,OBODOGBA COMMUNITY HALL,,7,19,179,1,,,,,,,,,
DELTA,OSHIMILI-NORTH,OKPANAM,UGBOLU PRIMARY SCHOOL II-OGBE OBI/OGBEIYASE/UGWUNWOSU AND OTHERS,,7,28,113,1,,,,,,,,,
DELTA,OSHIMILI-NORTH,OKPANAM,OGBE OBI OPEN SPACE,,5,20,58,2,,,,,,,,,
DELTA,OSHIMILI-NORTH,OKPANAM,UNITY SECONADRY SCHOOL,,0,5,165,0,,,,,,,,,
DELTA,OSHIMILI-NORTH,OKPANAM,UMUMALE COMMUNITY HALL,,2,77,20,0,,,,,,,,,
DELTA,OSHIMILI-NORTH,OKPANAM,"ASHIA EKE,MILE 5,UGBOLU",,0,0,0,0,,,,,,,,,
DELTA,OSHIMILI-NORTH,OKPANAM,OGWA OPEN SPACE,,6,17,162,2,,,,,,,,,
DELTA,OSHIMILI-NORTH,OKPANAM,OBODOGWUGWU OPEN SPACE,,2,6,70,0,,,,,,,,,
DELTA,OSHIMILI-NORTH,OKPANAM,UGBOLU PRIMARY SCHOOL I-AMACHAI/MILE5/ANWAI GODWIN CAMPS,,11,32,130,0,,,,,,,,,
DELTA,OSHIMILI-NORTH,OKPANAM,POST OFFICE OKPANAM,,0,4,489,2,,,,,,,,,
DELTA,OSHIMILI-NORTH,OKPANAM,OWELLE OPEN SPACE AIRPORT VIEW OKPANAM,,1,2,274,0,,,,,,,,,
DELTA,OSHIMILI-NORTH,OKPANAM,HEALTH CENTER-UMUOSUMA/UMUONAHE/ODOGWU AND ASAYA CAMPS,,22,58,183,1,,,,,,,,,
DELTA,OSHIMILI-NORTH,OKPANAM,ACHALLA HALL-AMACHA/AGBAHWE CAMP/OGANAIII CAMPS/OGBE OJIE CAMPS,,31,67,341,4,,,,,,,,,
DELTA,OSHIMILI-NORTH,OKPANAM,OGWA AMACHAI,,4,2,32,1,,,,,,,,,
DELTA,OSHIMILI-NORTH,OKPANAM,OGANA CAMP AMACHAI,,1,14,7,1,,,,,,,,,
DELTA,OSHIMILI-NORTH,OKPANAM,"UGBOLU SECONDARY SCHOOL,UGBOLU",,0,2,46,0,,,,,,,,,
DELTA,OSHIMILI-NORTH,OKPANAM,UMUGBAH PRIMARY SCHOOL OGBEOZOMA/ANIKPO CAMPS,,24,77,274,2,,,,,,,,,
DELTA,OSHIMILI-NORTH,OKPANAM,AMACHAI TOWN HALL,,3,10,144,1,,,,,,,,,
DELTA,OSHIMILI-NORTH,OKPANAM,"OGBE-OBI COMMUNITY HALL,UGBOLU",,1,4,38,0,,,,,,,,,
DELTA,OSHIMILI-NORTH,OKPANAM,MOLUMBA'S COLLEGE,,10,28,150,1,,,,,,,,,
DELTA,OSHIMILI-NORTH,OKPANAM,UGBOLU PRIMARY SCHOOL II-OGBE OBI/OGBEIYASE/UGWUNWOSU AND OTHERS,,10,30,126,3,,,,,,,,,
DELTA,OSHIMILI-NORTH,OKPANAM,NEW ERA PRIMARY SCHOOL,,4,17,516,1,,,,,,,,,
DELTA,OSHIMILI-NORTH,OKPANAM,AWELLE MARKET SPACE,,8,28,501,0,,,,,,,,,
DELTA,OSHIMILI-NORTH,UKALA,ANIWALO PRIMARY SCHOOL-ANINWALO CAMP,,22,47,65,3,,,,,,,,,
DELTA,OSHIMILI-NORTH,UKALA,OKPUNOR-PRIMARY SCHOOL-UMUTONOR VILLAGE II,,27,36,55,1,,,,,,,,,
DELTA,OSHIMILI-NORTH,UKALA,OKPUNOR-PRIMARY SCHOOL-UMUSIZOR VILLAGE,,22,66,88,3,,,,,,,,,
DELTA,OSHIMILI-NORTH,UKALA,OKPUNOR PRIMARY SCHOOL-UMUTONOR VILLAGE I,,17,52,89,0,,,,,,,,,
DELTA,OSHIMILI-NORTH,UKALA,OKWUTE PRIMARY SCHOOL-UMUTONOR /UMUEZE,,12,37,76,1,,,,,,,,,
DELTA,ANIOCHA-SOUTH,OGWASHI_UKU VILLAGE,EBITEH PRIMARY SCHOOL ISAH OGAWSHI,,16,70,161,0,,,,,,,,,
DELTA,ANIOCHA-SOUTH,OGWASHI_UKU VILLAGE,"AZAGBA JUNCTION SQUARE,AZAGBA JUNCTION",,17,32,103,1,,,,,,,,,
DELTA,ANIOCHA-SOUTH,OGWASHI_UKU VILLAGE,"OMEZI PRIMARY SCHOOL,OLLOH",,3,68,74,3,,,,,,,,,
DELTA,ANIOCHA-SOUTH,OGWASHI_UKU VILLAGE,"OLLODU PRIMARY SCHOOL,OLLODU",,11,49,59,1,,,,,,,,,
DELTA,ANIOCHA-SOUTH,OGWASHI_UKU VILLAGE,"ISIANWAI PRIMARY SCHOOL,ISIANWA/UZO EDO I",,3,10,68,0,,,,,,,,,
DELTA,ANIOCHA-SOUTH,OGWASHI_UKU VILLAGE,"UMUOKWE PRIMARY SCHOOL,ABOH OGWASHI",,15,29,104,4,,,,,,,,,
DELTA,ANIOCHA-SOUTH,OGWASHI_UKU VILLAGE,"ISIENUGU PRIMARY SCHOOL,OTULU ISIENUGWU/IDUMU-ETITI II",,0,6,62,1,,,,,,,,,
DELTA,ANIOCHA-SOUTH,OGWASHI_UKU VILLAGE,"OMEZI PRIMARY SCHOOL,OLLOH CAMPS",,2,28,64,1,,,,,,,,,
DELTA,ANIOCHA-SOUTH,OGWASHI_UKU VILLAGE,OBIUWAJE NEW SQUARE,,1,2,49,0,,,,,,,,,
DELTA,ANIOCHA-SOUTH,OGWASHI_UKU VILLAGE,AZAGBA TOWN HALL,,15,5,175,1,,,,,,,,,
DELTA,ANIOCHA-SOUTH,OGWASHI_UKU VILLAGE,"ISIANWAI PRIMARY SCHOOL,ISIANWA/UZO EDO II",,2,20,58,0,,,,,,,,,
DELTA,ANIOCHA-SOUTH,OGWASHI_UKU VILLAGE,ABOH MARKET SQUARE ABOH OGWASHI,,7,12,99,1,,,,,,,,,
DELTA,ANIOCHA-SOUTH,OGWASHI_UKU VILLAGE,"ISIENUGU PRIMARY SCHOOL,OTULU ISIENUGWU/IDUMU-ETITI I",,5,8,60,0,,,,,,,,,
DELTA,ANIOCHA-SOUTH,OGWASHI_UKU VILLAGE,"ASHINZE PRIMARY SCHOOL,AZAGBA OGWASHI/UMUJEA",,28,6,140,1,,,,,,,,,
DELTA,ANIOCHA-SOUTH,OGWASHI_UKU VILLAGE,AKUNEKEHE OLLO,,0,5,6,1,,,,,,,,,
DELTA,ANIOCHA-SOUTH,OGWASHI_UKU VILLAGE,EDO VILLAGE SQUARE EDO/EDO NEW ROAD,,10,34,112,1,,,,,,,,,
DELTA,ANIOCHA-SOUTH,OGWASHI_UKU VILLAGE,"ABUISI SQUARE,ABUISI",,2,7,27,0,,,,,,,,,
DELTA,ANIOCHA-SOUTH,OGWASHI_UKU II,OKIKAKWU SQUARE,,0,20,15,0,,,,,,,,,
DELTA,ANIOCHA-SOUTH,OGWASHI_UKU II,ONIHEP/S AGIDIEHE/IDUMU ODAFE,,5,8,210,1,,,,,,,,,
DELTA,ANIOCHA-SOUTH,OGWASHI_UKU II,"ANI-NSHI,ASEI/AGIDIESE II",,6,8,114,0,,,,,,,,,
DELTA,ANIOCHA-SOUTH,OGWASHI_UKU II,"OGOMA P/S, OGBE ONICHA II",,6,18,91,1,,,,,,,,,
DELTA,ANIOCHA-SOUTH,OGWASHI_UKU II,"ANI-NSHI,UMU-OKWUNI",,6,10,92,0,,,,,,,,,
DELTA,ANIOCHA-SOUTH,OGWASHI_UKU II,"UMU-NEZE HALL,UMUOKWE II",,1,43,86,0,,,,,,,,,
DELTA,ANIOCHA-SOUTH,OGWASHI_UKU II,OGBE_ISHIAGO VILLAGE SQUARE,,5,12,46,0,,,,,,,,,
DELTA,ANIOCHA-SOUTH,OGWASHI_UKU II,DELTA STATE INSTITUTE OF CONTINUING EDUCATION I,,14,10,177,0,,,,,,,,,
DELTA,ANIOCHA-SOUTH,OGWASHI_UKU II,UMU-ONICHA/UMU-OLU/UMUOBAHI,,6,17,129,2,,,,,,,,,
DELTA,ANIOCHA-SOUTH,OGWASHI_UKU II,AGIDIEHE VILLAGE SQUARE ,,3,14,107,0,,,,,,,,,
DELTA,ANIOCHA-SOUTH,OGWASHI_UKU II,"ANI-NSHI,OGBE AHIOR/OGBE ANI",,10,43,127,0,,,,,,,,,
DELTA,ANIOCHA-SOUTH,OGWASHI_UKU II,UMU-ONICHA VILLAGE SQUARE,,5,33,138,2,,,,,,,,,
DELTA,ANIOCHA-SOUTH,OGWASHI_UKU II,OGWASHI-UKU CENTRAL MARKET II,,11,10,80,2,,,,,,,,,
DELTA,ANIOCHA-SOUTH,OGWASHI_UKU II,OGWASHI-UKU II,,4,18,166,0,,,,,,,,,
DELTA,ANIOCHA-SOUTH,OGWASHI_UKU II,UKWUOJI MARKET,,6,9,120,1,,,,,,,,,
DELTA,ANIOCHA-SOUTH,UBULU-UKU I,"ISHE P/S, ISHE QUARTERS III",,6,99,98,0,,,,,,,,,
DELTA,ANIOCHA-SOUTH,UBULU-UKU I,ISHO PRIMARY SCHOOL,,0,15,51,1,,,,,,,,,
DELTA,ANIOCHA-SOUTH,UBULU-UKU I,UBULUKU TOWN HALL,,2,14,35,0,,,,,,,,,
DELTA,ANIOCHA-SOUTH,UBULU-UKU I,UBULU P/S AGBONTA II,,7,40,109,3,,,,,,,,,
DELTA,ANIOCHA-SOUTH,UBULU-UKU I,AKWU HALL AKWU QUARTERS,,15,17,40,0,,,,,,,,,
DELTA,ANIOCHA-SOUTH,UBULU-UKU I,ABUGBA SQUARE ABUGBA,,1,16,5,0,,,,,,,,,
DELTA,ANIOCHA-SOUTH,UBULU-UKU I,ANIOMA SQUARE-ANIOMA QUARTERS,,0,11,0,0,,,,,,,,,
DELTA,ANIOCHA-SOUTH,UBULU-UKU I,"ISHE P/S, ISHE QUARTERS II",,9,18,111,0,,,,,,,,,
DELTA,ANIOCHA-SOUTH,UBULU-UKU I,ILONOMU P/S AKWU QUARTERS II,,12,20,67,3,,,,,,,,,
DELTA,ANIOCHA-SOUTH,UBULU-UKU I,OGBE-ANI P/S ANI-OKPE JANET II,,11,23,65,2,,,,,,,,,
DELTA,ANIOCHA-SOUTH,UBULU-UKU I,IJEDINKA P/S ANIEGBELE,,5,2,62,0,,,,,,,,,
DELTA,ANIOCHA-SOUTH,UBULU-UKU I,OGBE-ANI JANET,,11,24,75,1,,,,,,,,,
DELTA,ANIOCHA-SOUTH,UBULU-UKU I,OGBE-ANI P/S ONCHA-UKUMOGBE ANI,,10,24,72,1,,,,,,,,,
DELTA,ANIOCHA-SOUTH,UBULU-UKU I,"OGBE-ANI P/S,ONICHA-UKU",,10,24,85,1,,,,,,,,,
DELTA,ANIOCHA-SOUTH,UBULU-UKU II,OGBIGBO VILLAGE SQUARE,,4,4,23,0,,,,,,,,,
DELTA,ANIOCHA-SOUTH,UBULU-UKU II,OGIBUO VILLAGE SQUARE,,5,40,95,0,,,,,,,,,
DELTA,ANIOCHA-SOUTH,UBULU-UKU II,"NEAR VILLAGE HEAD CAMP,ANIUJA",,2,32,3,0,,,,,,,,,
DELTA,ANIOCHA-SOUTH,UBULU-UKU II,"ST.ANTONY'S COLLEGE,ENUGU-IYI",,28,28,99,14,,,,,,,,,
DELTA,ANIOCHA-SOUTH,UBULU-UKU II,"ANIFEKEDE P/S, ANIFEKADE",,1,19,6,0,,,,,,,,,
DELTA,ANIOCHA-SOUTH,UBULU-UKU II,ABUEDO P/S OSIGBUDU/ABUADO IV,,9,20,61,1,,,,,,,,,
DELTA,ANIOCHA-SOUTH,UBULU-UKU II,ABUEDO P/S OSIGBUDU/ABUADO III,,8,32,82,3,,,,,,,,,
DELTA,ANIOCHA-SOUTH,UBULU-UKU II,ABUEDO P/S OSIGBUDU/ABUADO II,,12,50,125,0,,,,,,,,,
DELTA,ANIOCHA-SOUTH,UBULU-UKU II,"ABUEDO P/S, OSIGBUDU/ABUADO I",,12,45,97,0,,,,,,,,,
DELTA,ANIOCHA-SOUTH,UBULU-UKU II,IDEGWU P/S OGBEGE/UDU I,,6,25,80,4,,,,,,,,,
DELTA,ANIOCHA-SOUTH,UBULU-UKU II,"AKPAMA VILLAGE, IDUMUBO",,13,25,66,1,,,,,,,,,
DELTA,ANIOCHA-SOUTH,UBULU-UKU II,"AKPAMA VILLAGE,  AKPAMA/IDUMUBO",,12,42,58,0,,,,,,,,,
DELTA,ANIOCHA-SOUTH,UBULU-UKU II,UBULU II P/S IDUMUOSAUMA,,3,19,90,2,,,,,,,,,
DELTA,ANIOCHA-SOUTH,UBULU-UKU II,IDEGU P/S OGBEGE/UDU III,,11,36,150,2,,,,,,,,,
DELTA,ANIOCHA-SOUTH,UBULU-UNOR,"ETITI AMAKA PRIMARY SCHOOL,UMUATE/UBULU UGBO II",,6,84,74,0,,,,,,,,,
DELTA,ANIOCHA-SOUTH,UBULU-UNOR,"ETITI AMAKA PRIMARY SCHOOL,UMUATE/UBULU UGBO I",,3,64,60,1,,,,,,,,,
DELTA,ANIOCHA-SOUTH,UBULU-UNOR,ASHABA UBULU PRIMARY SCHOOL ASHABA UBULU I,,10,2,9,0,,,,,,,,,
DELTA,ANIOCHA-SOUTH,UBULU-UNOR,ASHABA UBULU PRIMARY SCHOOL ASHABA UBULU II,,8,0,9,0,,,,,,,,,
DELTA,ANIOCHA-SOUTH,NSUKWA,"ENEDE I PRIMARY SCHOOL, IKOKOGBE II",,14,36,89,1,,,,,,,,,
DELTA,ANIOCHA-SOUTH,NSUKWA,"OKELIE PRIMARY SCHOOL,OKENU/OGBU UTU II",,18,41,49,0,,,,,,,,,
DELTA,ANIOCHA-SOUTH,NSUKWA,"MILL GATE, JPC QUARTERS",,4,18,63,1,,,,,,,,,
DELTA,ANIOCHA-SOUTH,NSUKWA,"OBI EZEAMAKA PRIMARY SCHOOL,OKENU/OGBE ONICHA II",,7,54,57,1,,,,,,,,,
DELTA,ANIOCHA-SOUTH,NSUKWA,NKWO MARKET,,3,6,30,0,,,,,,,,,
DELTA,ANIOCHA-SOUTH,NSUKWA,"AZAMU PRIMARY SCHOOL,AZAMU NSUKWA",,3,5,29,1,,,,,,,,,
DELTA,ANIOCHA-SOUTH,NSUKWA,"UMALAGWU COMMUNITY HALL,UMALAGWU QUARTERS I",,7,21,18,0,,,,,,,,,
DELTA,ANIOCHA-SOUTH,NSUKWA,"UMALAGWU COMMUNITY HALL,UMALAGWU QUARTERS II",,6,19,44,0,,,,,,,,,
DELTA,ANIOCHA-SOUTH,NSUKWA,"QUARTER THREE,JPC QUARTERS",,3,10,31,0,,,,,,,,,
DELTA,ANIOCHA-SOUTH,NSUKWA,"COMMUNITY HALL,UNUOMA QUARTERS",,2,32,54,0,,,,,,,,,
DELTA,ANIOCHA-SOUTH,NSUKWA,"OBI EZEAMAKA PRIMARY SCHOOL,OKENU/OGBE ONICHA I",,10,49,107,0,,,,,,,,,
DELTA,ANIOCHA-SOUTH,NSUKWA,"PALACE HALL,IKOKOGBE QUARTERS",,11,92,106,0,,,,,,,,,
DELTA,ANIOCHA-SOUTH,NSUKWA,OGIDI PRIMARY SCHOOL OGIDI,,1,6,13,0,,,,,,,,,
DELTA,ANIOCHA-SOUTH,NSUKWA,"ENEDE I PRIMARY SCHOOL, IKOKOGBE I",,7,29,92,0,,,,,,,,,
DELTA,ANIOCHA-SOUTH,NSUKWA,"OKELIE PRIMARY SCHOOL,OKENU/OGBU UTU I",,26,45,65,1,,,,,,,,,
DELTA,ANIOCHA-SOUTH,EJEME,"EJEME SECONDARY SCHOOL,EJEME ANIOGOR",,0,6,8,0,,,,,,,,,
DELTA,ANIOCHA-SOUTH,EJEME,HEALTH CENTER OGBE-OBIEJEME,,20,31,73,1,,,,,,,,,
DELTA,ANIOCHA-SOUTH,EJEME,EJEME ANIOGOR TOWN HALL,,1,4,5,0,,,,,,,,,
DELTA,ANIOCHA-SOUTH,EJEME,ADOFI PRIMARY SCHOOL UMUOKPALE I,,9,30,9,0,,,,,,,,,
DELTA,ANIOCHA-SOUTH,EJEME,"ANIOGOR PRIMARY SCHOOL,UMUJEME",,10,65,64,2,,,,,,,,,
DELTA,ANIOCHA-SOUTH,EJEME,ANIOGOR PLS EJEME-ANIGOR,,10,71,66,0,,,,,,,,,
DELTA,ANIOCHA-SOUTH,EJEME,"ANIOGOR PRIMARY SCHOOL,UMUJEMEII",,24,53,59,1,,,,,,,,,
DELTA,ANIOCHA-SOUTH,EJEME,DUGBE PRIMARY SCHOOL OBI-DUGBO,,20,37,30,1,,,,,,,,,
DELTA,ANIOCHA-SOUTH,ISHEAGU-EWULU,"MGBALAGBE PRIMARY SCHOOL,OGBE ETITI/OGBE-ONISHE I",,26,60,122,1,,,,,,,,,
DELTA,ANIOCHA-SOUTH,ISHEAGU-EWULU,ISIKITI PRIMARY SCHOOL ISIKITI/UMUOCHI I,,7,45,39,0,,,,,,,,,
DELTA,ANIOCHA-SOUTH,ISHEAGU-EWULU,"UMUEZE/UMUOMAH SQUARE,UMUEZE/UMUOMAH",,19,58,71,1,,,,,,,,,
DELTA,ANIOCHA-SOUTH,ISHEAGU-EWULU,ISIKITI PRIMARY SCHOOL ISIKITI/UMUOCHI II,,8,56,65,0,,,,,,,,,
DELTA,ANIOCHA-SOUTH,ISHEAGU-EWULU,"ONUIYI/ATUAKPAI SQUARE,ONUIYI/ATUAKPAI",,0,5,12,0,,,,,,,,,
DELTA,ANIOCHA-SOUTH,ISHEAGU-EWULU,"IFITE SECONDARY SCHOOL,ISHEAGU",,3,6,28,0,,,,,,,,,
DELTA,ANIOCHA-SOUTH,ISHEAGU-EWULU,"MGBALAGBE PRIMARY SCHOOL,OGBE ETITI/OGBE-ONISHE II",,19,60,111,2,,,,,,,,,
DELTA,ANIOCHA-SOUTH,ISHEAGU-EWULU,"IDUMU ELE SQUARE,IDUMU ELE I",,12,33,21,1,,,,,,,,,
DELTA,ANIOCHA-SOUTH,ISHEAGU-EWULU,"UMUOMI PRIMARY SCHOOL,OGBE ACHI/OGBE ANI/OSE II",,8,15,40,0,,,,,,,,,
DELTA,ANIOCHA-SOUTH,ISHEAGU-EWULU,"ISHE PRIMARY SCHOOL, OGBE ANI",,16,47,22,0,,,,,,,,,
DELTA,ANIOCHA-SOUTH,ISHEAGU-EWULU,"UMUOMI PRIMARY SCHOOL,OGBE ACHI/OGBE ANI/OSE I",,4,46,59,0,,,,,,,,,
DELTA,ANIOCHA-SOUTH,ISHEAGU-EWULU,UMUIYESELE UMUWEDE VILLAGE SQUARE,,3,22,41,0,,,,,,,,,
DELTA,ANIOCHA-SOUTH,ISHEAGU-EWULU,"IGWE PRIMARY SCHOOL,UMUOGBE",,19,39,68,0,,,,,,,,,
